{"loss": [0.5797187685966492, 0.3183763027191162, 0.21967238187789917, 0.16653700172901154, 0.12526583671569824, 0.0997466892004013, 0.09098800271749496, 0.08965373784303665, 0.06530992686748505, 0.05122898519039154], "accuracy": [0.6976000070571899, 0.8743500113487244, 0.92044997215271, 0.9418500065803528, 0.9602000117301941, 0.9700499773025513, 0.9711999893188477, 0.9707499742507935, 0.9818000197410583, 0.9872499704360962], "val_loss": [0.4092516005039215, 0.3261241316795349, 0.3347962498664856, 0.3192165195941925, 0.34753474593162537, 0.35673704743385315, 0.4212985336780548, 0.4450267553329468, 0.42904219031333923, 0.4818820655345917], "val_accuracy": [0.83160001039505, 0.8676000237464905, 0.8629999756813049, 0.8794000148773193, 0.8773999810218811, 0.8658000230789185, 0.868399977684021, 0.8668000102043152, 0.8619999885559082, 0.8709999918937683]}