{"loss": [1.1589337587356567, 0.7273009419441223, 0.6989679932594299, 0.6959214806556702, 0.6949364542961121, 0.6943921446800232, 0.6941037774085999, 0.6938821077346802, 0.6938118934631348, 0.6935750842094421], "accuracy": [0.49845218658447266, 0.4988180100917816, 0.4996514916419983, 0.5004887580871582, 0.500695526599884, 0.502827525138855, 0.5008277297019958, 0.49596625566482544, 0.497552752494812, 0.5005750060081482], "val_loss": [0.7632595300674438, 0.7024663686752319, 0.6965067982673645, 0.6951980590820312, 0.6944871544837952, 0.6942899823188782, 0.6938443183898926, 0.6938573718070984, 0.6937997937202454, 0.6934744715690613], "val_accuracy": [0.5060837268829346, 0.504274308681488, 0.4959906041622162, 0.49549129605293274, 0.49654996395111084, 0.4943991005420685, 0.4967106878757477, 0.49425825476646423, 0.4943920075893402, 0.4956526458263397]}