{"loss": [0.8868096470832825, 0.5466604232788086, 0.5556366443634033, 0.47322484850883484, 0.37942934036254883, 0.3421306014060974, 0.340407133102417, 0.283638596534729, 0.25787773728370667, 0.23925693333148956], "accuracy": [0.5544000267982483, 0.7538999915122986, 0.7554500102996826, 0.7834500074386597, 0.8498499989509583, 0.8755000233650208, 0.891700029373169, 0.906000018119812, 0.9179999828338623, 0.922249972820282], "val_loss": [0.6365408897399902, 0.587741494178772, 0.8999367952346802, 0.5445183515548706, 0.6266621351242065, 1.0564568042755127, 0.7197307348251343, 0.8617760539054871, 0.9096726775169373, 0.9436571002006531], "val_accuracy": [0.6848000288009644, 0.7257999777793884, 0.5468000173568726, 0.7519999742507935, 0.7757999897003174, 0.8014000058174133, 0.753600001335144, 0.8133999705314636, 0.7526000142097473, 0.8090000152587891]}