{"loss": [0.5905348062515259, 0.30024632811546326, 0.20583313703536987, 0.15140306949615479, 0.11813396960496902, 0.10563791543245316, 0.08508709818124771, 0.06456923484802246, 0.0533125065267086, 0.05250190943479538], "accuracy": [0.6722999811172485, 0.8828499913215637, 0.9257500171661377, 0.9494500160217285, 0.9620000123977661, 0.9668499827384949, 0.9745500087738037, 0.9825500249862671, 0.9865000247955322, 0.9865000247955322], "val_loss": [0.41259580850601196, 0.3273966312408447, 0.28616172075271606, 0.29317620396614075, 0.3100898265838623, 0.37369412183761597, 0.38837891817092896, 0.4325138330459595, 0.5111395120620728, 0.542957067489624], "val_accuracy": [0.8173999786376953, 0.8784000277519226, 0.8838000297546387, 0.8858000040054321, 0.8835999965667725, 0.8831999897956848, 0.8766000270843506, 0.8784000277519226, 0.8690000176429749, 0.86080002784729]}