{"loss": [0.6803406476974487, 0.49424803256988525, 0.3439424932003021, 0.23453925549983978, 0.16088400781154633, 0.1250903457403183, 0.07119840383529663, 0.04371640831232071, 0.02591814287006855, 0.023346206173300743], "accuracy": [0.5735999941825867, 0.7803000211715698, 0.8621500134468079, 0.9135500192642212, 0.9477999806404114, 0.9602500200271606, 0.9821000099182129, 0.991100013256073, 0.9954500198364258, 0.9957000017166138], "val_loss": [0.6141180396080017, 0.46027055382728577, 0.37596946954727173, 0.3592066764831543, 0.37603071331977844, 0.37098926305770874, 0.4088071882724762, 0.43449610471725464, 0.4670329689979553, 0.5082449913024902], "val_accuracy": [0.7310000061988831, 0.7946000099182129, 0.8406000137329102, 0.8543999791145325, 0.8597999811172485, 0.8592000007629395, 0.8465999960899353, 0.8529999852180481, 0.8539999723434448, 0.8378000259399414]}